<?xml version="1.0"?>
<doc>
    <assembly>
        <name>Helper.Common</name>
    </assembly>
    <members>
        <member name="T:Helper.Common.AD_Helper">
            <summary>用來與Microsoft AD 服務存取作業</summary>
            =======================================================================
        </member>
        <member name="F:Helper.Common.AD_Helper.DataEntity.HelperStatus">
            <summary>記錄ConfigHelper元件是否為可使用狀態</summary>
        </member>
        <member name="F:Helper.Common.AD_Helper.DataEntity.AD_ACCOUNT">
            <summary>存取AD帳戶</summary>
        </member>
        <member name="F:Helper.Common.AD_Helper.DataEntity.AD_PW">
            <summary>存取AD密碼</summary>
        </member>
        <member name="F:Helper.Common.AD_Helper.DataEntity.DomainName">
            <summary>DomainName</summary>
        </member>
        <member name="F:Helper.Common.AD_Helper.DataEntity.DomainLDAP">
            <summary> LDAP Domain 結
            
            </summary>
        </member>
        <member name="F:Helper.Common.AD_Helper.DataEntity.IP_Address">
            <summary>AD IP位置</summary>
        </member>
        <member name="M:Helper.Common.AD_Helper.#ctor">
            <summary>建構式成員</summary>
        </member>
        <member name="M:Helper.Common.AD_Helper.DisposeManage">
            <summary>解構成員</summary>
            -------------------------------------------------------------------
        </member>
        <member name="M:Helper.Common.AD_Helper.DisposeUnManage">
            <summary>解構成員之非Manage Code </summary>
            -------------------------------------------------------------------
        </member>
        <member name="M:Helper.Common.AD_Helper.init">
            <summary>AD_Helper元件初始化作業</summary>
            <returns></returns>
        </member>
        <member name="M:Helper.Common.AD_Helper.CreateDirectoryEntry">
            <summary>建立Directory資料實體</summary>
            -------------------------------------------------------------------
            <returns></returns>
        </member>
        <member name="M:Helper.Common.AD_Helper.CreateSeacher">
            <summary>建立搜尋器</summary>
            -------------------------------------------------------------------
            <returns>搜尋器</returns>
        </member>
        <member name="M:Helper.Common.AD_Helper.AddProperty(System.DirectoryServices.DirectorySearcher)">
            <summary>
            加入查詢參數
            </summary>
            <param name="ds">查詢器</param>
            <returns></returns>
        </member>
        <member name="M:Helper.Common.AD_Helper.GetAllUserData">
            <summary>取回所有AD使用者</summary>
            -------------------------------------------------------------------
            <returns></returns>
        </member>
        <member name="M:Helper.Common.AD_Helper.GetAUserData(System.String)">
            <summary>取回AD中使用者資訊</summary>
            -------------------------------------------------------------------
            <param name="sUserName">使用者名稱或帳戶名稱</param>
            <returns></returns>
        </member>
        <member name="M:Helper.Common.AD_Helper.ConvertDomainNameToLDAP(System.String)">
            <summary>分解Domain名稱</summary>
            -------------------------------------------------------------------
            <param name="domain">傳入DomainName名稱</param>
            <returns></returns>
        </member>
        <member name="M:Helper.Common.AD_Helper.ChangePwd(System.String,System.String,System.String)">
            <summary>
            變更該帳號的密碼
            </summary>
            <param name="pAccount"></param>
            <param name="pNewPwd"></param>
            <returns></returns>
        </member>
        <member name="M:Helper.Common.AD_Helper.IsLoginChangePwd(System.String)">
            <summary>
            檢查登入時是否需變更密碼
            </summary>
            <param name="pUserAccount"></param>
            <returns></returns>
        </member>
        <member name="M:Helper.Common.AD_Helper.GetAccountStatus(System.String)">
            <summary>
            取得該帳號目前的狀態
            </summary>
            <param name="pUserAccount">登入AD帳戶</param>
            <returns></returns>
        </member>
        <member name="M:Helper.Common.AD_Helper.IsUserExist(System.String)">
            <summary>
            檢查AD上的使用者帳戶是否存在
            </summary>
            <param name="sUserAccount">登入AD帳戶</param>
            <returns></returns>
        </member>
        <member name="M:Helper.Common.AD_Helper.IsGroupExist(System.String)">
            <summary>確認指定的AD Group是否存在</summary>
            -------------------------------------------------------------------
            <param name="sGroupID">Group名稱</param>
            <returns></returns>
        </member>
        <member name="M:Helper.Common.AD_Helper.IsUserPwdVaild(System.String,System.String)">
            <summary>驗證帳戶密碼是否正確 </summary>
            -------------------------------------------------------------------
            <param name="pAcccount"></param>
            <param name="Pd"></param>
            <returns></returns>
        </member>
        <member name="M:Helper.Common.AD_Helper.GetUserData(System.String)">
            <summary>取回指定使用者帳戶的使用者資訊</summary>
            -------------------------------------------------------------------
            <param name="sUserAccount">使用者帳戶</param>
            <returns></returns>
        </member>
        <member name="M:Helper.Common.AD_Helper.GetUserAllGroup(System.String)">
            <summary>取得指定帳號所有所屬群組</summary>
            -------------------------------------------------------------------
            <param name="sUserName">AD帳戶</param>
            <returns></returns>
        </member>
        <member name="M:Helper.Common.AD_Helper.GetOrganizationalUnit(System.Collections.Generic.List{System.String})">
            <summary>
            取得組織單位
            </summary>
            <param name="pOUName">OU 階層</param>
            <returns></returns>
        </member>
        <member name="M:Helper.Common.AD_Helper.GetOUUsers(System.Collections.Generic.List{System.String})">
            <summary>
            取得組織單位下所有的User
            </summary>
            <param name="pOU"></param>
            <returns></returns>
        </member>
        <member name="M:Helper.Common.AD_Helper.GetGroupsForOU(System.Collections.Generic.List{System.String})">
            <summary>
            取得組織單位下所有的Group
            </summary>
            <param name="pOU">OU 階層順序</param>
            <returns></returns>
        </member>
        <member name="M:Helper.Common.AD_Helper.GetUsersForGroup(System.String)">
            <summary>
            取得Group下所有的User
            </summary>
            <param name="pGroup"></param>
            <returns></returns>
        </member>
        <member name="M:Helper.Common.AD_Helper.CheckLDAPInput(System.String)">
            <summary>
            驗證輸入,以防止LDAP injection 
            </summary>
            <param name="value"></param>
            <returns></returns>
        </member>
        <member name="M:Helper.Common.ApiHelper.#ctor">
            <summary>
            建構式
            </summary>
        </member>
        <member name="M:Helper.Common.ApiHelper.#ctor(Helper.Common.iLog)">
            <summary>
            含Log功能建構式
            </summary>
            <param name="log">傳入Log元件</param>
        </member>
        <member name="M:Helper.Common.ApiHelper.init">
            <summary>
            初始化作業成員
            </summary>
        </member>
        <member name="M:Helper.Common.ApiHelper.Post(System.Uri,System.String)">
            <summary>
            REST api Post
            </summary>
            <param name="url"></param>
            <param name="value"></param>
            <returns></returns>
        </member>
        <member name="M:Helper.Common.ApiHelper.PostWithToken(System.Uri,System.String,System.String)">
            <summary>
            REST api Post
            </summary>
            <param name="url"></param>
            <param name="value"></param>
            <returns></returns>
        </member>
        <member name="T:Helper.Common.CMDShell_Helper">
            <summary>使用Windows OS CMD.exe 來執行指定程式</summary>
            =======================================================================
        </member>
        <member name="F:Helper.Common.CMDShell_Helper.g_cmdExecuteFileName">
            <summary>設定預設Cmd程式檔名。</summary>
        </member>
        <member name="F:Helper.Common.CMDShell_Helper.g_WorkPath">
            <summary>存放工作目錄。</summary>
        </member>
        <member name="F:Helper.Common.CMDShell_Helper.g_ExecuteProgram">
            <summary>存放執行程式名稱。</summary>
        </member>
        <member name="F:Helper.Common.CMDShell_Helper.g_Arguments">
            <summary>存放執行程式參數。</summary>
        </member>
        <member name="F:Helper.Common.CMDShell_Helper.g_Process">
            <summary>宣告處理序元件</summary>
        </member>
        <member name="F:Helper.Common.CMDShell_Helper.g_Log">
            <summary>記錄是否有引入Log元件</summary>
        </member>
        <member name="M:Helper.Common.CMDShell_Helper.#ctor">
            <summary>建構成員</summary>
            -------------------------------------------------------------------
        </member>
        <member name="M:Helper.Common.CMDShell_Helper.#ctor(Helper.Common.iLog)">
            <summary>建構成員,並傳提供Log物件</summary>
            -------------------------------------------------------------------
            <param name="p_Log"></param>
        </member>
        <member name="M:Helper.Common.CMDShell_Helper.DisposeManage">
            <summary>實作Managed Code 解構成員</summary>
            -------------------------------------------------------------------
        </member>
        <member name="M:Helper.Common.CMDShell_Helper.DisposeUnManage">
            <summary>實作 unManaged Code 解構成員 </summary>
            -----------------------------------------------------------------
        </member>
        <member name="M:Helper.Common.CMDShell_Helper.Execute(Helper.Common.CMDShell_Entity)">
            <summary>執行Shell,使用者已設定好相關參數,此成員適用於連續呼叫此成員
            進行作業方式使用 </summary>
            -------------------------------------------------------------------
            <returns></returns>
        </member>
        <member name="P:Helper.Common.CMDShell_Helper.ExecuteProgram">
            <summary>設定或取得執行程式名稱</summary>
            -------------------------------------------------------------------
        </member>
        <member name="P:Helper.Common.CMDShell_Helper.WorkPath">
            <summary>設定或取得執行程式工作目錄</summary>
            ------------------------------------------------------------------
        </member>
        <member name="P:Helper.Common.CMDShell_Helper.Arguments">
            <summary>設定或取得執行程式 後面所增加的參數</summary>
            -------------------------------------------------------------------
        </member>
        <member name="P:Helper.Common.CMDShell_Helper.Id">
            <summary>取得處理序的執行緒ID</summary>
            -------------------------------------------------------------------
        </member>
        <member name="T:Helper.Common.CompareHelpr">
            <summary>比對作業協助元件</summary>
            =======================================================================
        </member>
        <member name="M:Helper.Common.CompareHelpr.CompareArrayValue``1(``0[],``0[])">
            <summary>泛形資料,陣列資料內容比對！</summary>
            -------------------------------------------------------------------
            <param name="SValue">來源陣列</param>
            <param name="TValue">目標陣列</param>
            <returns>如果相同回傳為True,如果不同回傳為False</returns>
        </member>
        <member name="T:Helper.Common.ConfigHelper">
            <summary>設定檔輔助元件</summary>
            ========================================================================
        </member>
        <member name="F:Helper.Common.ConfigHelper.g_RunEvnMode">
            <summary>記錄程式執行環境，初始值為local開發模式</summary>
        </member>
        <member name="F:Helper.Common.ConfigHelper.g_IsDebugMode">
            <summary>記錄是否為除錯模式 </summary>
        </member>
        <member name="F:Helper.Common.ConfigHelper.g_HelperStatus">
            <summary>記錄ConfigHelper元件是否為可使用狀態</summary>
        </member>
        <member name="M:Helper.Common.ConfigHelper.#ctor">
            <summary>建構成員</summary>
            --------------------------------------------------------------------
        </member>
        <member name="M:Helper.Common.ConfigHelper.DisposeManage">
            <summary>實作Manager Code解構成員</summary>
            -------------------------------------------------------------------
        </member>
        <member name="M:Helper.Common.ConfigHelper.init">
            <summary>元件初始化作業成員</summary>
            -------------------------------------------------------------------
        </member>
        <member name="M:Helper.Common.ConfigHelper.AppSettings(System.String)">
            <summary>取得Config檔中的參數,如果回傳為空字串表示無此參數或參數值為空</summary>
            -------------------------------------------------------------------
            <param name="pKeyName">參數Key值</param>
            <returns></returns>
        </member>
        <member name="M:Helper.Common.ConfigHelper.IsKeyExists(System.String[])">
            <summary>檢查指定的Key值是否在參數中?</summary>
            -----------------------------------------------------------------
            <param name="pKeyName">查詢的Key</param>
            <returns>回傳Fasle表示Key值不存在。</returns>
        </member>
        <member name="M:Helper.Common.ConfigHelper.ConnectionStrings(System.String)">
            <summary>取得config檔設定檔中的連線字串</summary>
            -------------------------------------------------------------------
            <param name="pKeyName"></param>
            <returns></returns>
        </member>
        <member name="P:Helper.Common.ConfigHelper.GetEvnMode">
            <summary>取得參數設定檔環境模式代碼,如果空白。 </summary>
            ------------------------------------------------------------------
        </member>
        <member name="P:Helper.Common.ConfigHelper.IsDebugMode">
            <summary>取得設定目前是否為除錯模式 </summary>
            -------------------------------------------------------------------
        </member>
        <member name="T:Helper.Common.ConvertHelper">
            <summary>提供資料轉換的好幫手</summary>
            =======================================================================
        </member>
        <member name="M:Helper.Common.ConvertHelper.ConvertToHex(System.Byte[])">
            <summary>將Byte陣列轉換為16進位文字字串！</summary>
            -------------------------------------------------------------------
            <param name="Source"></param>
            <returns></returns>
        </member>
        <member name="M:Helper.Common.ConvertHelper.ConvertToByteArray(System.String)">
            <summary>將16進位轉成Byte陣列</summary>
            -------------------------------------------------------------------
            <param name="HexString"></param>
            <returns></returns>
        </member>
        <member name="M:Helper.Common.ConvertHelper.EncodeUTF8To64(System.String)">
            <summary>將傳入字串轉換成Base64字串(Unicode)</summary>
            <param name="pString">要轉換的字串</param>
            <returns></returns>
        </member>
        <member name="F:Helper.Common.TextLine.Line">
            <summary>
            每一行文字內容
            </summary>
        </member>
        <member name="F:Helper.Common.TextLine._hash">
            <summary>
            文字內容轉換成HashCode
            </summary>
        </member>
        <member name="T:Helper.Common.DiffStateList">
            <summary>
            比較狀態的集合
            </summary>
        </member>
        <member name="F:Helper.Common.DiffStateList._array">
            <summary>
            狀態陣列
            </summary>
        </member>
        <member name="M:Helper.Common.DiffStateList.#ctor(System.Int32)">
            <summary>
            初始化時將目標的行數傳入
            </summary>
            <param name="destCount"></param>
        </member>
        <member name="M:Helper.Common.DiffStateList.GetByIndex(System.Int32)">
            <summary>
            傳入Index來取得狀態陣列對應的物件
            </summary>
            <param name="index"></param>
            <returns></returns>
        </member>
        <member name="M:Helper.Common.DiffEngine.GetSourceMatchLength(System.Int32,System.Int32,System.Int32)">
            <summary>
            取得比
            </summary>
            <param name="destIndex"></param>
            <param name="sourceIndex"></param>
            <param name="maxLength"></param>
            <returns></returns>
        </member>
        <member name="M:Helper.Common.DiffEngine.ProcessDiff(Helper.Common.IDiffList,Helper.Common.IDiffList,Helper.Common.DiffEngineLevel)">
            <summary>
            進行比對
            </summary>
            <param name="source">來源State集合</param>
            <param name="destination">目標State集合</param>
            <param name="level"></param>
            <returns></returns>
        </member>
        <member name="M:Helper.Common.EmailHelper.SendEmailWithAttachment(System.String,System.String,System.String,System.String,System.Net.Mail.Attachment,System.String,System.String,System.String)">
            <summary>
            發送 Mail 含附件
            </summary>
            <param name="pFromEmail">寄信人</param>
            <param name="pToEmail">收信人</param>
            <param name="pSubject">主旨</param>
            <param name="pContent">郵件內容</param>
            <param name="pAttachment">附件</param>
            <param name="pSMTP">SMTP</param>
            <param name="pAcc"></param>
            <param name="pPwd"></param>
        </member>
        <member name="T:Helper.Common.LogType">
            <summary>Log記錄類型</summary>
            =======================================================================
        </member>
        <member name="F:Helper.Common.LogType.SystemProcessLog">
            <summary>系統層級程式作業Log</summary>
        </member>
        <member name="F:Helper.Common.LogType.AppProcessLog">
            <summary>應用層級程式作業Log</summary>
        </member>
        <member name="F:Helper.Common.LogType.SystemErrorLog">
            <summary>系統層級的錯誤的Log或發生例外時的類型 :Ex:無法IO</summary>
        </member>
        <member name="F:Helper.Common.LogType.AppErrorLog">
            <summary>應用層級程錯誤Log</summary>
        </member>
        <member name="F:Helper.Common.LogType.APIProcessLog">
            <summary>API程式Log</summary>
        </member>
        <member name="F:Helper.Common.LogType.APIErrorLog">
            <summary>API程式錯誤Log</summary>
        </member>
        <member name="F:Helper.Common.LogType.NonType">
            <summary>無法分類與未知錯誤狀態</summary>
        </member>
        <member name="T:Helper.Common.LogMode">
            <summary>儲存Log記錄模式</summary>
            =======================================================================
        </member>
        <member name="F:Helper.Common.LogMode.FileMode">
            <summary>Log資訊寫到檔案方式記錄</summary>
        </member>
        <member name="F:Helper.Common.LogMode.DBMode">
            <summary>Log資訊寫到指定資料庫模</summary>
        </member>
        <member name="F:Helper.Common.LogMode.WebServiceMode">
            <summary>Log資訊寫到指定WebService</summary>
        </member>
        <member name="F:Helper.Common.emun.VisualStudioVersion.Unknown">
            Unknown Visual Studio version.
        </member>
        <member name="F:Helper.Common.emun.VisualStudioVersion.VisualStudio2002">
            Visual Studio 2002.
        </member>
        <member name="F:Helper.Common.emun.VisualStudioVersion.VisualStudio2003">
            Visual Studio 2003.
        </member>
        <member name="F:Helper.Common.emun.VisualStudioVersion.VisualStudio2005">
            Visual Studio 2005.
        </member>
        <member name="F:Helper.Common.emun.VisualStudioVersion.VisualStudio2008">
            Visual Studio 2008.
        </member>
        <member name="F:Helper.Common.emun.VisualStudioVersion.VisualStudio2010">
            Visual Studio 2010.
        </member>
        <member name="F:Helper.Common.emun.VisualStudioVersion.VisualStudio2012">
            Visual Studio 2012.
        </member>
        <member name="T:Helper.Common.emun.StringValueAttribute">
            <summary>
            This attribute is used to represent a string value
            for a value in an enum.
            </summary>
        </member>
        <member name="P:Helper.Common.emun.StringValueAttribute.StringValue">
            <summary>
            Holds the stringvalue for a value in an enum.
            </summary>
        </member>
        <member name="M:Helper.Common.emun.StringValueAttribute.#ctor(System.String)">
            <summary>
            Constructor used to init a StringValue Attribute
            </summary>
            <param name="value"></param>
        </member>
        <member name="M:Helper.Common.emun.EnumExpand.GetStringValue(System.Enum)">
            <summary>
            Will get the string value for a given enums value, this will
            only work if you assign the StringValue attribute to
            the items in your enum.
            </summary>
            <param name="value"></param>
            <returns></returns>
        </member>
        <member name="T:Helper.Common.Entity.FileHelpAccessRuleEntity">
            <summary>檔案權限設定實體
            
            </summary>
        </member>
        <member name="F:Helper.Common.Entity.FileHelpAccessRuleEntity.AccessControlType">
            <summary>設定檔案或目錄權限為(許可或不許可)類型,預設為許可</summary>
        </member>
        <member name="F:Helper.Common.Entity.FileHelpAccessRuleEntity.FileSystemRights">
            <summary>指定要設定檔案或目錄存取權限項目,預設為Read</summary>
        </member>
        <member name="F:Helper.Common.Entity.FileHelpAccessRuleEntity.InheritanceFlags">
            <summary>ACE檔案存取規則預設為 ContainerInherit(繼承父權限)</summary>
        </member>
        <member name="F:Helper.Common.Entity.FileHelpAccessRuleEntity.PropagationFlags">
            <summary>當ACE為有效時,此設定才為有效預設為None </summary>
        </member>
        <member name="T:Helper.Common.FileHelper">
            <summary>FileHelper建
            
            </summary>
            <summary>檔案目錄作業快速輔助元件</summary>
            =======================================================================
        </member>
        <member name="M:Helper.Common.FileHelper.GetMD5HashOfAFile(System.String,System.String@)">
            <summary>取得單一檔案MD5的Hash Value值</summary>
            -------------------------------------------------------------------
            <param name="File">檔案名稱</param>
            <returns></returns>
        </member>
        <member name="M:Helper.Common.FileHelper.GetMD5HashOfAFile(System.String,System.Byte[]@)">
            <summary>取得單一檔案MD5 Hash值</summary>
            -------------------------------------------------------------------
            <param name="File">要取得Hash值的檔案</param>
            <param name="HashValue"></param>
            <returns>回傳true 表示產出成功</returns>
            <exception cref="!:此功能沒有包裝try catch" />
        </member>
        <member name="M:Helper.Common.FileHelper.FilesAreEqual(System.String,System.String)">
            <summary>比對指定的2個檔案內容是否相同?</summary>
            ------------------------------------------------------------
            <param name="first">來源檔案</param>
            <param name="second">目標檔案</param>
            <returns></returns>
        </member>
        <member name="M:Helper.Common.FileHelper.DiffLsitByFolder(System.String,System.String)">
            <summary>以目錄作當安比對處理(未完成)
            
            </summary>
            <param name="pSourceFolder"></param>
            <param name="pTargetFolder"></param>
            <returns>回傳不同的檔案</returns>
        </member>
        <member name="F:Helper.Common.FileHelper.FileBackUpEntiry.SouceFile">
            <summary>原始檔案名稱</summary>
        </member>
        <member name="F:Helper.Common.FileHelper.FileBackUpEntiry.BackUpFile">
            <summary>備份檔案名稱</summary>
        </member>
        <member name="M:Helper.Common.FileHelper.#ctor(Helper.Common.iLog)">
            <summary>含有自動Log功能FileHelper</summary>
            -------------------------------------------------------------------
            <param name="pLog">傳入Log元件</param>
        </member>
        <member name="M:Helper.Common.FileHelper.init">
            <summary>初始化作業成員</summary>
            -------------------------------------------------------------------
        </member>
        <member name="M:Helper.Common.FileHelper.DisposeManage">
            <summary>解構成員</summary>
            -------------------------------------------------------------------
        </member>
        <member name="M:Helper.Common.FileHelper.FilesToZipFile(System.String[],System.String,System.String@)">
            <summary>檔案壓縮ZIP</summary>
            -------------------------------------------------------------------
            <param name="pSourcePath">指定來源檔案路徑</param>
            <param name="pZipFilePath">指定壓縮完成檔案路徑與名稱</param>
            <param name="pMsg">回傳壓縮處理結果資訊</param>
            <returns></returns>
        </member>
        <member name="M:Helper.Common.FileHelper.FilesToZip(System.String[],System.String,System.String@)">
            <summary>檔案壓縮ZIP</summary>
            -------------------------------------------------------------------
            <param name="pSourcePath">指定來源檔案路徑</param>
            <param name="pZipFilePath">指定壓縮完成檔案路徑與名稱</param>
            <param name="pMsg">回傳壓縮處理結果資訊</param>
            <returns></returns>
        </member>
        <member name="M:Helper.Common.FileHelper.FolderToZipFileIncludePreviousFolder(System.String,System.String,System.String@)">
            <summary>檔案壓縮ZIP</summary>
            -------------------------------------------------------------------
            <param name="pSourcePath">指定來源檔案路徑</param>
            <param name="pZipFilePath">指定壓縮完成檔案路徑與名稱</param>
            <param name="pMsg">回傳壓縮處理結果資訊</param>
            <returns></returns>
        </member>
        <member name="M:Helper.Common.FileHelper.FileToZipFile(System.String,System.String,System.String@)">
            <summary>檔案壓縮ZIP</summary>
            -------------------------------------------------------------------
            <param name="pSourcePath">指定來源檔案路徑</param>
            <param name="pZipFilePath">指定壓縮完成檔案路徑與名稱</param>
            <param name="pMsg">回傳壓縮處理結果資訊</param>
            <returns></returns>
        </member>
        <member name="M:Helper.Common.FileHelper.UnzipForSevenZip(System.String,System.String,System.String@)">
            <summary>zip File解壓縮處理</summary>
            -------------------------------------------------------------------
            <param name="pZipFilePath">Zip檔案路徑</param>
            <param name="pFilePath">解壓縮放置路徑</param>
            <param name="pMsg">結果</param>
            <returns></returns>
        </member>
        <member name="M:Helper.Common.FileHelper.IsExistsFolder(System.String)">
            <summary>判斷目錄是否存在</summary>
            -------------------------------------------------------------------
            <param name="FolderName">傳入要判斷目錄錄徑</param>
            <returns></returns>
        </member>
        <member name="M:Helper.Common.FileHelper.CreateFolder(System.String)">
            <summary>建立資料夾,如果目錄已存在即不建立該目錄!</summary>
            -------------------------------------------------------------------
            <param name="pPathWithName">指定要建立目錄(路徑含目錄名稱)</param>
            <returns></returns>
        </member>
        <member name="M:Helper.Common.FileHelper.CreateFolder(System.String,System.String)">
            <summary>建立資料夾</summary>
            -------------------------------------------------------------------
            <param name="pPath">指定要建立目錄的路徑</param>
            <param name="pDirName">建立的資料夾名稱</param>
        </member>
        <member name="M:Helper.Common.FileHelper.DeleteFolder(System.String)">
            <summary>刪除指定資料夾,含所有子目錄與檔案。</summary>
            -------------------------------------------------------------------
            <param name="pDirName">要刪除的資料夾路徑名稱</param>
        </member>
        <member name="M:Helper.Common.FileHelper.ClearFolder(System.String)">
            <summary>清除指定目錄下所目檔案與子目錄</summary>
            -------------------------------------------------------------------
            <param name="pFolderPath">指定的目錄路徑</param>
            <returns></returns>
        </member>
        <member name="M:Helper.Common.FileHelper.DeleteFile(System.String)">
            <summary>刪除檔案</summary>
            -------------------------------------------------------------------
            <param name="FilePath">檔案路徑</param>
            <returns></returns>
        </member>
        <member name="M:Helper.Common.FileHelper.DeleteFile(System.Collections.Generic.List{System.String},System.Boolean)">
            <summary>刪除多筆檔案</summary>
            -------------------------------------------------------------------
            <param name="FilePath">刪除檔案清單,傳入清單不可為空白</param>
            <param name="IgnoreFileNotFind">是否忽略要刪除的檔案不存在?</param>
            <returns></returns>
        </member>
        <member name="M:Helper.Common.FileHelper.DeleteFileByDate(System.String,System.Int32)">
            <summary>
            依時間為條件刪除指定目錄下的檔案
            </summary>
            <param name="filePath">檔案路徑</param>
            <param name="days">保留天數(單位:天)</param>
            <returns></returns>
        </member>
        <member name="M:Helper.Common.FileHelper.AddDirPromession(System.String,System.String,Helper.Common.Entity.FileHelpAccessRuleEntity)">
            <summary>新增目錄權限</summary>
            -------------------------------------------------------------------
            <param name="pDirPath">指定目錄</param>
            <param name="Identity">群組名稱可含domainn名稱</param>
            <param name="pRuleEntity">要新增的權限設定資實體</param>
            <returns></returns>
        </member>
        <member name="M:Helper.Common.FileHelper.AddDirPromession(System.String,System.String[],Helper.Common.Entity.FileHelpAccessRuleEntity)">
            <summary>新增目錄權限,可多USER</summary>
            -------------------------------------------------------------------
            <param name="pDirPath">指定目錄</param>
            <param name="Identitys">群組名稱可含domainn名稱Array</param>
            <param name="pRuleEntity">要新增的權限設定資實體</param>
            <returns></returns>
        </member>
        <member name="M:Helper.Common.FileHelper.AddDirPromession(System.String[],System.String[],Helper.Common.Entity.FileHelpAccessRuleEntity)">
            <summary>新增目錄權限,可多目錄</summary>
            -------------------------------------------------------------------
            <param name="pDirPath">指定目錄</param>
            <param name="Identitys">群組名稱可含domainn名稱Array</param>
            <param name="pRuleEntity">要新增的權限設定資實體</param>
            <returns></returns>
        </member>
        <member name="M:Helper.Common.FileHelper.RemoveDirPromession(System.String,System.String,Helper.Common.Entity.FileHelpAccessRuleEntity)">
            <summary>移除目錄權限</summary>
            -------------------------------------------------------------------
            <param name="pDirPath">指定目錄</param>
            <param name="Identity">群組名稱可含domainn名稱</param>
            <param name="pRuleEntity">要移除的權限設定資料實體</param>
            <returns></returns>
        </member>
        <member name="M:Helper.Common.FileHelper.GetFolderList(System.String)">
            <summary>取得指定的路徑下的目錄清單</summary>
            -------------------------------------------------------------------
            <param name="pPath">指定的路徑</param>
            <returns></returns>
        </member>
        <member name="M:Helper.Common.FileHelper.CopyFile(System.String,System.String)">
            <summary>單一檔案Copy含自動確認Copy是否成功</summary>
            -------------------------------------------------------------------
            <param name="SourceFilePath">來源檔案</param>
            <param name="TargetFilePath">目的地</param>
            <returns></returns>
        </member>
        <member name="M:Helper.Common.FileHelper.CopyFileByDate(System.String,System.String,System.Int32)">
            <summary>
            依時間為條件複製指定目錄下的檔案
            </summary>
            <param name="SourceFilePath">來源檔案</param>
            <param name="TargetFilePath">目標路徑</param>
            <param name="days">保留天數(單位:天)</param>
            <returns></returns>
        </member>
        <member name="M:Helper.Common.FileHelper.CopyFiles(System.String[],System.String[],System.Boolean,System.Boolean)">
            <summary>多檔複製</summary>
            -------------------------------------------------------------------
            <param name="SourceFilePaths">來源路徑List</param>
            <param name="TargetFilePaths">目的路徑List</param>
            <param name="OverWrite">目的路徑當案如果己存在是不複寫?</param>
            <param name="AutoRestore">當複製失敗時,是否自動移除先前複製內容</param>
            <returns></returns>
        </member>
        <member name="M:Helper.Common.FileHelper.CopyFiles(System.Collections.Generic.List{System.String},System.Collections.Generic.List{System.String},System.Boolean,System.Boolean)">
            <summary>多檔複製方式</summary>
            -------------------------------------------------------------------
            <param name="SourceFilePaths">來源路徑List</param>
            <param name="TargetFilePaths">目的路徑List</param>
            <param name="OverWrite">目的路徑當案如果己存在是不複寫?</param>
            <param name="AutoRestore">當複製失敗時,是否自動移除先前複製內容</param>
            <returns></returns>
        </member>
        <member name="M:Helper.Common.FileHelper.FileRestore(System.Collections.Generic.List{Helper.Common.FileHelper.FileBackUpEntiry})">
            <summary>復原複製好的檔案與已存在檔案的備份。</summary>
            -------------------------------------------------------------------
            <param name="BackupList">備份項目清單陣列</param>
        </member>
        <member name="M:Helper.Common.FileHelper.cleanPathString(System.String)">
             <summary>
            過濾特殊字符的方式，對輸入的內容進行校驗
            Fortify弱掃(Path Manipulation)解法
            Note:此方法不適用中文名稱路徑
             </summary>
             <param name="aString"></param>
             <returns></returns>
        </member>
        <member name="M:Helper.Common.FileHelper.cleanChar(System.Char)">
            <summary>
            
            </summary>
            <param name="aChar"></param>
            <returns></returns>
        </member>
        <member name="M:Helper.Common.FtyHelper.cleanPathString(System.String)">
             <summary>
            過濾特殊字符的方式，對輸入的內容進行校驗
            Fortify弱掃(Path Manipulation)解法
            Note:此方法不適用中文名稱路徑
             </summary>
             <param name="aString"></param>
             <returns></returns>
        </member>
        <member name="M:Helper.Common.FtyHelper.cleanChar(System.Char)">
            <summary>
            
            </summary>
            <param name="aChar"></param>
            <returns></returns>
        </member>
        <member name="T:Helper.Common.iLog">
            <summary>Log元件介面</summary>
            =======================================================================
        </member>
        <member name="P:Helper.Common.iLog.SetLogMode">
            <summary>設定Log記錄模式</summary>
            ------------------------------------------------------------------
        </member>
        <member name="P:Helper.Common.iLog.SetMessageBox">
            <summary>設定Log記錄訊息箱</summary>
        </member>
        <member name="M:Helper.Common.iLog.WriteLog(System.Int32)">
            <summary>由訊息箱取得,寫入Log訊息,必須先設定訊息箱否則會出問題</summary>
            <param name="MessageID"></param>
        </member>
        <member name="M:Helper.Common.iLog.WriteLog(System.String,Helper.Common.LogType)">
            <summary>寫入Log訊息,並指定Log層級</summary>
            ------------------------------------------------------------------
            <param name="p_message">Log訊息</param>
            <param name="p_LogType">指定Log記錄類型</param>
        </member>
        <member name="M:Helper.Common.iLog.WriteLog(System.String,Helper.Common.LogMode)">
            <summary>寫入Log訊息,</summary>
            ------------------------------------------------------------------
            <param name="p_message">Log訊息</param>
            <param name="p_LogMode">指定Log記錄模式</param>
        </member>
        <member name="M:Helper.Common.iLog.LogFormating(System.String)">
            <summary>用來格式化傳入LOG訊息,在Write Log前都</summary>
            <param name="p_message">Log訊息</param>　
            <returns></returns>
        </member>
        <member name="P:Helper.Common.iLog.SetLogPath">
            <summary>提供設定Log路徑用</summary>
            -------------------------------------------------------------------
        </member>
        <member name="T:Helper.Common.LogHelper">
            <summary>LogHelper實作iLog介面,但針對檔案模式Log為主,如需記錄至DB or WebService
            ,需提供已實作相關模式的Log給LogHelpr</summary>
            =======================================================================
            <remarks>
            Log Helper元件無論如何都要設定可以記錄本地檔案路徑。
            </remarks>
        </member>
        <member name="F:Helper.Common.LogHelper.g_LogFilePath">
            <summary>記錄LogFile路徑</summary>
        </member>
        <member name="F:Helper.Common.LogHelper.g_LogMode">
            <summary>定義寫入Log記錄媒介</summary>
        </member>
        <member name="F:Helper.Common.LogHelper.g_CH">
            <summary>ConfigHelper</summary>
        </member>
        <member name="F:Helper.Common.LogHelper.g_LogForWebService">
            <summary>承載實作iLOG的WebServiceLog(含WCF)</summary>
        </member>
        <member name="F:Helper.Common.LogHelper.g_LogForDB">
            <summary>承載實作iLog的DB LOG模式 </summary>
        </member>
        <member name="F:Helper.Common.LogHelper.LogPreName">
            <summary>Log記錄檔名的前至 </summary>
        </member>
        <member name="F:Helper.Common.LogHelper.g_lockMe">
            <summary>用來鎖定作業用</summary>
        </member>
        <member name="M:Helper.Common.LogHelper.#ctor">
            <summary>未指定Log模式建構成員,預設為檔案模式</summary>
            -------------------------------------------------------------------
        </member>
        <member name="M:Helper.Common.LogHelper.#ctor(Helper.Common.iLog)">
            <summary>帶入實作叫用遠端服務</summary>
            ------------------------------------------------------------------
            <param name="pWebServiceMode"></param>
        </member>
        <member name="M:Helper.Common.LogHelper.init">
            <summary>元件初始化作業成員</summary>
            -------------------------------------------------------------------
        </member>
        <member name="M:Helper.Common.LogHelper.DisposeManage">
            <summary>Manager Code解構</summary>
            -------------------------------------------------------------------
        </member>
        <member name="M:Helper.Common.LogHelper.DisposeUnManage">
            <summary>DisposeUnManage</summary>
            -------------------------------------------------------------------
        </member>
        <member name="P:Helper.Common.LogHelper.SetMessageBox">
            <summary>設定訊息盒物件 </summary>
            ------------------------------------------------------------------
        </member>
        <member name="P:Helper.Common.LogHelper.SetLogMode">
            <summary>設定預設Log記錄模式</summary>
            -------------------------------------------------------------------
        </member>
        <member name="P:Helper.Common.LogHelper.SetLogPath">
            <summary>設定log記錄根目錄位置</summary>
            -------------------------------------------------------------------
        </member>
        <member name="M:Helper.Common.LogHelper.WriteLog(System.String,Helper.Common.LogType)">
            <summary>基本Log寫入</summary>
            -------------------------------------------------------------------
            <param name="p_message">Log訊息</param>
            <param name="p_LogType">By Log類型寫入不同Log目錄</param>
        </member>
        <member name="M:Helper.Common.LogHelper.WriteLogByClassMethod(System.String,System.String,System.String,Helper.Common.LogType)">
            <summary>提供給(元件)類別成員寫入Log(此為程式Log記錄,非客制。如客戶別有需求請複寫此成員。)</summary>
            -------------------------------------------------------------------
            <param name="className">類別名稱</param>
            <param name="methodName">函式成員名稱</param>
            <param name="logMessage">事件訊息</param>
            <param name="logType">記錄類型</param>
        </member>
        <member name="M:Helper.Common.LogHelper.WriteLog(System.String,System.String,System.String,Helper.Common.LogType)">
            <summary>Job專用Log記錄</summary>
            -------------------------------------------------------------------
            <param name="ClassName"></param>
            <param name="JobNo"></param>
            <param name="LogMessage"></param>
        </member>
        <member name="M:Helper.Common.LogHelper.WriteErrorToEventLog(System.String,System.String,System.Int32)">
            <summary>寫入:作業系統事件記錄器中,分類為Application</summary>
            -------------------------------------------------------------------
            <param name="pSource">傳入你的(程式名稱)或(服務名稱)</param>
            <param name="pMessage">事件內容文字</param>
            <param name="pEvnCode">事件識別碼</param>
        </member>
        <member name="M:Helper.Common.LogHelper.WriteWarningEventLog(System.String,System.String,System.Int32)">
            <summary>寫入:作業系統事件記錄器中,分類為Application</summary>
            -------------------------------------------------------------------
            <param name="pSource">來源:你的程式名稱或服務名稱</param>
            <param name="pMessage">事件內容文字</param>
            <param name="pEvnCode">事件識別碼</param>
        </member>
        <member name="M:Helper.Common.LogHelper.LogFormating(System.String)">
            <summary>Log訊息格式化,可依不同客戶需求來複寫此成員。</summary>
            -------------------------------------------------------------------
            <param name="p_Message"></param>
            <returns></returns>
        </member>
        <member name="M:Helper.Common.LogHelper.WriteBySystemErrorLog(System.String)">
            <summary>LogType為SystemError層及處理</summary>
            -----------------------------------------------------------------
            <param name="pMessage"></param>
        </member>
        <member name="M:Helper.Common.LogHelper.WriteByAppErrorLog(System.String)">
            <summary>LogType為SystemError層及處理</summary>
            -------------------------------------------------------------------
            <param name="pMessage"></param>
        </member>
        <member name="M:Helper.Common.LogHelper.WriteByAppNoneLog(System.String)">
            <summary>LogType為SystemError層及處理</summary>
            -------------------------------------------------------------------
            <param name="pMessage"></param>
        </member>
        <member name="M:Helper.Common.LogHelper.WriteBySystemProcessLog(System.String)">
            <summary>LogType為SystemProcess層及處理</summary>
            -------------------------------------------------------------------
            <param name="pMessage"></param>
        </member>
        <member name="M:Helper.Common.LogHelper.WriteByAppProcessLog(System.String)">
            <summary>LogType為AppProcess層及處理</summary>
            ------------------------------------------------------------------
            <param name="pMessage"></param>
        </member>
        <member name="M:Helper.Common.LogHelper.WriteByAPIProcessLog(System.String)">
            <summary>LogType為APIProcess層及處理</summary>
            ------------------------------------------------------------------
            <param name="pMessage"></param>
        </member>
        <member name="M:Helper.Common.LogHelper.WriteByAPIErrorLog(System.String)">
            <summary>LogType為APIError層及處理</summary>
            -----------------------------------------------------------------
            <param name="pMessage"></param>
        </member>
        <member name="M:Helper.Common.LogHelper.WriteToFile(System.String,System.String)">
            <summary>寫入Log檔案,文字格式為UTF8</summary>
            -------------------------------------------------------------------
            <param name="pMessage"></param>
            <param name="LogFile"></param>
        </member>
        <member name="M:Helper.Common.LogHelper.WriteToTempPath(System.String)">
            <summary>寫入Log檔案到暫存目錄中,會使用此成員表示沒有設定好相關的log資訊。</summary>
            -------------------------------------------------------------------
            <param name="pMessage"></param>
        </member>
        <member name="T:Helper.Common.CMDShell_Entity">
            <summary>使用CMD Shell元件作為傳值類別</summary>
            =======================================================================
        </member>
        <member name="F:Helper.Common.CMDShell_Entity.WorkPath">
            <summary>存放工作目錄。</summary>
        </member>
        <member name="F:Helper.Common.CMDShell_Entity.ExecuteProgram">
            <summary>存放執行程式名稱。</summary>
        </member>
        <member name="F:Helper.Common.CMDShell_Entity.Arguments">
            <summary>存放執行程式參數。</summary>
        </member>
        <member name="F:Helper.Common.CMDShell_Entity.OutputString">
            <summary>記錄執行結果輸出的文字</summary>
        </member>
        <member name="F:Helper.Common.CMDShell_Entity.ErrorString">
            <summary>記錄執行錯誤輸出文字</summary>
        </member>
        <member name="F:Helper.Common.CMDShell_Entity.ReturnCode">
            <summary>執行指令所回傳代碼</summary>
        </member>
        <member name="M:Helper.Common.SecurityHelper.encrypt_Key(System.String)">
            <summary>
            加密
            </summary>
            <param name="value"></param>
            <returns></returns>
        </member>
        <member name="M:Helper.Common.SecurityHelper.config_Key(System.String)">
            <summary>
            解碼CONFIG
            </summary>
            <param name="value">CONFIG值</param>
        </member>
        <member name="P:Helper.Common.SlnHelper.Projects">
            <summary>
            該Sln下的所有專案
            </summary>
        </member>
        <member name="M:Helper.Common.SlnHelper.GetSolutionVersion">
            <summary>
            取得Sln的版本
            </summary>
            <returns></returns>
        </member>
        <member name="T:Helper.Common.WcfHelper">
            =======================================================================
            <summary>動態連接至WCF服務端輔助元件</summary>
            =======================================================================
        </member>
        <member name="M:Helper.Common.WcfHelper.ExecuteMethod``1(System.String,System.String,System.Object[])">
            <summary>
            NetTcp 方式動態連接到WCF服務
            </summary>
            <typeparam name="T"></typeparam>
            <param name="pUrl"></param>
            <param name="pMethodName"></param>
            <param name="pParams"></param>
            <returns></returns>
        </member>
        <member name="M:Helper.Common.WcfHelper.ExecuteMethodForSSL``1(System.String,System.String,System.Object[])">
            <summary>
            NetTcp 方式動態連接到WCF服務(以SSL)
            </summary>
            <typeparam name="T"></typeparam>
            <param name="pBindingName"></param>
            <param name="pMethodName"></param>
            <param name="pParams"></param>
            <returns></returns>
        </member>
        <member name="M:Helper.Common.WcfHelper.ExecuteMethodForHTTPS``1(System.String,System.String,System.String,System.Object[])">
            <summary>
            動態執行 WCF 服務端的成員以HTTPS 為通訊方式。
            </summary>
            <typeparam name="T">WCF 合約介面物件</typeparam>
            <param name="pBindingName">WCF 的BindingName 名稱</param>
            <param name="pUrl">WCF 的 Address</param>
            <param name="pMethodName">WCF 服務端的作業成員名稱</param>
            <param name="pParams">成員所需參數</param>
            <returns></returns>
        </member>
        <member name="T:Entity.Framework.IHelperDisposable">
            <summary>Helper元件解構介面成員 </summary>
            =======================================================================
        </member>
        <member name="T:Entity.Common.ResultManagerBase">
            <summary>提供叫用元件成員多回傳值物件架框(非泛型模式)</summary>
            =======================================================================
        </member>
        <member name="F:Entity.Common.ResultManagerBase.isError">
            <summary>設定執行過是否有問題。 </summary>
        </member>
        <member name="F:Entity.Common.ResultManagerBase.Message">
            <summary>執行結果訊息</summary>
        </member>
        <member name="T:Entity.Common.ResultValueByObject">
            <summary>以回傳單一結果值為物位類型</summary>
            =======================================================================
        </member>
        <member name="F:Entity.Common.ResultValueByObject.isError">
            <summary>設定執行過是否有問題。 </summary>
        </member>
        <member name="F:Entity.Common.ResultValueByObject.ReturnValue">
            <summary>取得回傳值為物件類型值</summary>
        </member>
        <member name="F:Entity.Common.ResultValueByObject.Message">
            <summary>執行結果訊息</summary>
        </member>
        <member name="T:Entity.Common.ResultValueByInt">
            <summary>回傳值為Int值ResultManager結構 </summary>
            =======================================================================
        </member>
        <member name="F:Entity.Common.ResultValueByInt.isError">
            <summary>設定執行過是否有問題。 </summary>
        </member>
        <member name="F:Entity.Common.ResultValueByInt.ReturnValue">
            <summary>取得回傳值為物件類型值。</summary>
        </member>
        <member name="F:Entity.Common.ResultValueByInt.Message">
            <summary>執行結果訊息。</summary>
        </member>
        <member name="T:Entity.Common.ResultManager`1">
            <summary>取得回傳資料,資料為泛行模式</summary>
            =======================================================================
            <typeparam name="T">資料Type</typeparam>
        </member>
        <member name="F:Entity.Common.ResultManager`1.isError">
            <summary>設定執行過是否有問題。 </summary>
        </member>
        <member name="F:Entity.Common.ResultManager`1.ReturnValue">
            <summary>回傳資料</summary>
        </member>
        <member name="F:Entity.Common.ResultManager`1.Message">
            <summary>執行結果訊息。</summary>
        </member>
        <member name="M:DDSC_Git.Helpers.FtpsHelper.Put(System.String,System.String,System.Boolean,System.Boolean)">
            <summary>
            FTPS上傳檔案
            </summary>
            <param name="localPath">本地路徑</param>
            <param name="remotePath">遠端路徑 ex:Return/Windows/20180101/hostname/a.txt</param>
            <param name="Auto">自動連線及斷線</param>
            <param name="AutoCreateDirectory">自動遞迴建立資料夾</param>
        </member>
        <member name="M:DDSC_Git.Helpers.FtpsHelper.CreateDirectory(System.String,System.Boolean)">
            <summary>
            FTPS上傳檔案
            </summary>
            <param name="remoteDirectory">遠端路徑 ex:Return/Windows/20180101/hostname</param>
            <param name="Auto">自動連線及斷線</param>
        </member>
        <member name="M:DDSC_Git.Helpers.FtpsHelper.Get(System.String,System.String,System.Boolean)">
            <summary>
            FTPS獲取檔案
            </summary>
            <param name="remotePath">遠端路徑</param>
            <param name="localPath">本地路徑</param>
            <param name="Auto">自動連線及斷線</param>
        </member>
        <member name="M:DDSC_Git.Helpers.FtpsHelper.DownloadDirectory(System.String,System.String,System.Boolean)">
            <summary>
            FTPS下載資料夾
            </summary>
            <param name="remotePath">遠端路徑</param>
            <param name="localPath">本地路徑</param>
            <param name="Auto">自動連線及斷線</param>
        </member>
        <member name="M:DDSC_Git.Helpers.FtpsHelper.Delete(System.String,System.Boolean)">
            <summary>
            刪除FTPS檔案
            </summary>
            <param name="remoteFile">遠端路徑</param>
            <param name="Auto">自動連線及斷線</param>
        </member>
        <member name="M:DDSC_Git.Helpers.FtpsHelper.DeleteDirectory(System.String,System.Boolean,System.Boolean)">
            <summary>
            刪除FTPS資料夾
            </summary>
            <param name="remoteDirectory">遠端資料夾路徑</param>
            <param name="keeproot">保留根資料夾</param>
        </member>
        <member name="M:DDSC_Git.Helpers.FtpsHelper.GetFileList(System.String,System.Boolean)">
            <summary>
            獲取FTPS檔案列表
            </summary>
            <param name="remotePath">遠端目錄</param>
            <param name="Auto">自動連線及斷線</param>
            <returns></returns>
        </member>
        <member name="M:DDSC_Git.Helpers.FtpsHelper.Move(System.String,System.String,System.Boolean)">
            <summary>
            移動FTPS檔案
            </summary>
            <param name="oldRemotePath">舊遠端路徑</param>
            <param name="newRemotePath">新遠端路徑</param>
            <param name="Auto">自動連線及斷線</param>
        </member>
        <member name="M:DDSC_Git.Helpers.FtpsHelper.MoveDirectory(System.String,System.String,System.Boolean)">
            <summary>
            移動FTPS檔案
            </summary>
            <param name="oldRemotePath">舊遠端路徑</param>
            <param name="newRemotePath">新遠端路徑</param>
            <param name="Auto">自動連線及斷線</param>
        </member>
    </members>
</doc>
